Date,G_Open,G_High,G_Low,G_Close,G_Adj Close,G_Vol.,US_Price,US_Open,US_High,US_Low,US_Vol.,US_Change %
2022-02-28,249.149994,249.990005,246.899994,247.940002,247.940002,62357,96.858,97.112,97.395,96.605,0,0.25%
2022-02-25,249.5,249.809998,247.199997,247.210007,247.210007,69116,96.619,97.04,97.225,96.51,33080,-0.51%
2022-02-24,246.080002,253.139999,245.789993,252,252,55579,97.118,96.255,97.735,96.255,53310,0.97%
2022-02-23,245.550003,245.550003,244.050003,244.190002,244.190002,59865,96.188,96.005,96.24,95.835,19870,0.18%
2022-02-22,248,248.639999,246.559998,246.679993,246.679993,51022,96.011,96.12,96.25,95.83,20090,-0.01%
2022-02-21,247.960007,247.990005,244.149994,244.149994,244.149994,51199,96.02,96.12,96.145,95.65,22840,0.00%
2022-02-18,245.929993,246.660004,244.050003,244.179993,244.179993,38135,96.022,95.835,96.175,95.725,18090,0.23%
2022-02-17,242.279999,243.940002,241.100006,243.149994,243.149994,31765,95.803,95.805,96.115,95.68,34050,0.11%
2022-02-16,242.25,242.25,240.789993,241.009995,241.009995,34163,95.697,95.98,96.055,95.665,17170,-0.31%
2022-02-15,243.899994,245.789993,243.899994,245.789993,245.789993,55404,95.993,96.23,96.29,95.95,22730,-0.38%
2022-02-14,242.399994,242.990005,240.029999,242.25,242.25,136442,96.356,96.01,96.43,95.91,32840,0.29%
2022-02-11,237.789993,238.589996,237.369995,238.589996,238.589996,143548,96.073,95.85,96.135,95.63,33610,0.55%
2022-02-10,237.770004,238.5,237.630005,237.869995,237.869995,29785,95.548,95.595,96.01,95.16,43970,0.06%
2022-02-09,238.059998,238.089996,237.25,237.25,237.25,13725,95.494,95.63,95.665,95.375,17660,-0.15%
2022-02-08,238.240005,238.240005,237.630005,238.240005,238.240005,10033,95.641,95.42,95.745,95.39,16550,0.26%
2022-02-07,237.479996,238.75,237.479996,237.610001,237.610001,12646,95.392,95.415,95.62,95.34,16240,-0.09%
2022-02-04,235.5,235.970001,235.190002,235.449997,235.449997,8174,95.48,95.305,95.695,95.145,26520,0.11%
2022-02-03,235.389999,236.5,235.389999,236.100006,236.100006,58111,95.379,96.06,96.25,95.23,38800,-0.58%
2022-02-02,235.339996,235.339996,234.550003,234.75,234.75,37006,95.935,96.27,96.3,95.795,21520,-0.46%
2022-02-01,237,237.779999,236.580002,237.119995,237.119995,14462,96.375,96.695,96.715,96.215,20900,-0.17%
2022-01-31,238.25,238.5,237.169998,237.529999,237.529999,11111,96.537,97.22,97.3,96.51,21120,-0.75%
2022-01-28,237.699997,238.419998,237,238.419998,238.419998,35430,97.266,97.22,97.44,97.05,22330,0.02%
2022-01-27,238.850006,239.029999,237.889999,238.800003,238.800003,43528,97.242,96.53,97.3,96.53,24200,0.87%
2022-01-25,240,240.699997,239.350006,240.529999,240.529999,47420,96.4,95.95,96.535,95.9,23310,0.49%
2022-01-24,238.020004,238.490005,237.639999,238.490005,238.490005,48343,95.928,95.915,96.26,95.895,16020,0.03%
2022-01-21,237.139999,238.679993,236.949997,238.320007,238.320007,16957,95.901,95.675,96.13,95.625,20380,0.28%
2022-01-20,237.679993,237.869995,236.669998,236.800003,236.800003,29364,95.636,95.795,95.835,95.485,13740,-0.09%
2022-01-19,235.160004,235.25,234.5,234.699997,234.699997,15334,95.725,95.53,95.85,95.405,19140,0.24%
2022-01-18,235,235.589996,234.729996,235.179993,235.179993,11225,95.5,95.715,95.775,95.47,17300,-0.23%
2022-01-17,234.610001,235.190002,234.279999,235.179993,235.179993,12761,95.723,95.15,95.81,95.105,24080,0.59%
2022-01-14,233.029999,233.960007,232.800003,233.559998,233.559998,15891,95.161,95.155,95.335,95.03,9310,0.00%
2022-01-13,233.539993,233.720001,233.100006,233.339996,233.339996,10814,95.161,94.83,95.255,94.61,19210,0.41%
2022-01-12,234.910004,235.440002,234.580002,234.580002,234.580002,8585,94.775,94.975,95.01,94.635,20140,-0.13%
2022-01-11,233.720001,234.300003,233.580002,234.199997,234.199997,33483,94.901,95.585,95.69,94.89,28210,-0.76%
2022-01-10,232.990005,233.169998,231.869995,232.100006,232.100006,31472,95.625,95.905,96.075,95.575,14220,-0.38%
2022-01-07,233,233.300003,232.399994,233.289993,233.289993,8181,95.99,95.74,96.23,95.735,14980,0.28%
2022-01-06,233.669998,234.550003,233.350006,234.550003,234.550003,18046,95.722,96.25,96.275,95.705,22940,-0.63%
2022-01-05,233.25,234,233.190002,233.899994,233.899994,8613,96.326,96.21,96.4,96.035,14330,0.15%
2022-01-04,233.479996,233.770004,232.830002,232.929993,232.929993,15333,96.182,96.33,96.335,95.885,18720,-0.10%
2021-12-31,232,233.699997,232,233.699997,233.699997,6732,96.274,96.195,96.475,96.04,12980,0.07%
2021-12-30,232.490005,232.490005,231.009995,231.25,231.25,9311,96.211,95.6,96.33,95.6,16790,0.65%
2021-12-29,233.199997,233.490005,232.369995,232.490005,232.490005,11021,95.593,95.965,96.105,95.575,15000,-0.39%
2021-12-24,235,235.100006,233.059998,233.429993,233.429993,10715,95.964,95.875,96.225,95.865,12400,0.04%
2021-12-23,233.080002,233.809998,232.800003,233.479996,233.479996,11381,95.926,96.135,96.395,95.735,16540,-0.29%
2021-12-22,233.050003,233.830002,233,233.830002,233.830002,12422,96.203,96.06,96.27,95.985,9340,0.12%
2021-12-21,234.860001,235,234.259995,234.740005,234.740005,21813,96.086,96.095,96.245,96.035,9300,0.11%
2021-12-20,235.360001,236.220001,235.360001,236.149994,236.149994,37525,95.985,96.05,96.265,95.97,10870,-0.08%
2021-12-17,233.660004,234.789993,233.309998,234.479996,234.479996,41215,96.059,96.47,96.585,96.01,12710,-0.45%
2021-12-16,231.149994,232.369995,230.589996,232.110001,232.110001,19678,96.489,96.515,96.625,96.335,11660,-0.06%
2021-12-15,232.429993,232.570007,231.839996,231.960007,231.960007,8997,96.545,96.62,96.67,96.33,13680,0.00%
2021-12-14,233.270004,234.660004,233.169998,234.110001,234.110001,28740,96.548,95.98,96.655,95.845,13480,0.56%
2021-12-13,231.770004,232.960007,231.559998,232,232,15795,96.015,96.375,96.405,95.81,20680,-0.48%
2021-12-10,231.729996,231.949997,231.309998,231.550003,231.550003,22471,96.482,96.495,96.895,96.25,18880,-0.06%
2021-12-09,231.949997,232.190002,231.720001,232.059998,232.059998,14474,96.538,96.365,96.555,96.07,13310,0.20%
2021-12-08,233.669998,234.029999,233.330002,234.029999,234.029999,28471,96.345,96.065,96.43,96.065,780,0.25%
2021-12-07,235.300003,235.779999,234.009995,234.339996,234.339996,29180,96.1,96.235,96.425,95.985,8920,-0.16%
2021-12-06,236.880005,237.330002,236.300003,236.300003,236.300003,32838,96.252,95.98,96.34,95.97,16200,0.39%
2021-12-03,232.600006,233.979996,232.470001,233.190002,233.190002,17876,95.881,96.26,96.38,95.84,34060,-0.51%
2021-12-02,233.509995,233.899994,232.839996,233.029999,233.029999,23321,96.37,96.31,96.59,96.17,24160,0.04%
2021-12-01,232.110001,232.880005,231.25,231.520004,231.520004,32567,96.33,96.175,96.435,96.125,22190,0.22%
2021-11-30,232.929993,233.899994,232.630005,233.899994,233.899994,15635,96.114,96.15,96.445,95.94,18380,-0.05%
2021-11-29,233.910004,234.570007,233.630005,233.949997,233.949997,20694,96.158,96.07,96.18,95.825,12650,0.14%
2021-11-26,232.149994,234.899994,232,234.740005,234.740005,32868,96.024,95.96,96.14,95.665,14320,0.02%
2021-11-25,231.639999,232.070007,231.240005,232.050003,232.050003,19475,96.007,96.2,96.655,95.54,35940,-0.34%
2021-11-24,230.679993,232.130005,230.580002,232.009995,232.009995,51399,96.338,96.18,96.45,96.145,15610,0.24%
2021-11-23,233.440002,233.529999,232.960007,233.369995,233.369995,44152,96.104,96.73,96.77,96.01,22020,-0.79%
2021-11-22,237.279999,238.080002,237.279999,237.610001,237.610001,12855,96.872,96.775,96.8,96.66,5770,0.00%
2021-11-19,238.080002,238.850006,237.809998,238.559998,238.559998,22145,96.872,96.535,96.94,96.44,14110,0.39%
2021-11-18,239.449997,240.119995,238.970001,238.970001,238.970001,17374,96.494,96.465,96.615,96.315,15180,-0.05%
2021-11-17,236.190002,237.660004,236.100006,237.279999,237.279999,19060,96.544,96.075,96.56,96.04,21840,0.54%
2021-11-16,236.300003,236.800003,235.919998,236.389999,236.389999,24348,96.028,95.58,96.245,95.58,25090,0.51%
2021-11-15,237.729996,237.729996,235.570007,235.919998,235.919998,40236,95.542,95.805,95.85,95.525,15320,-0.30%
2021-11-12,237.880005,238.240005,237.419998,237.729996,237.729996,16734,95.829,95.925,96.27,95.725,18180,-0.09%
2021-11-11,235.080002,236.529999,234.779999,236.270004,236.270004,39788,95.911,95.485,95.98,95.4,20580,0.53%
2021-11-10,231.339996,231.779999,230.759995,231.089996,231.089996,17533,95.405,95.1,95.595,94.965,17870,0.29%
2021-11-09,229.259995,229.949997,229.149994,229.360001,229.360001,14892,95.128,95.215,95.27,94.995,13250,-0.05%
2021-11-08,228.740005,229.460007,228.630005,229.460007,229.460007,31526,95.175,94.88,95.195,94.835,18190,0.36%
2021-11-05,225.5,226.789993,225.330002,226.339996,226.339996,21371,94.838,93.98,94.9,93.965,28370,0.94%
2021-11-04,221.970001,222.190002,221.5,222.119995,222.119995,9790,93.956,94.1,94.155,93.865,21810,-0.09%
2021-11-03,224.139999,224.259995,223.179993,223.320007,223.320007,31120,94.042,94.295,94.373,93.983,2461,-0.29%
2021-11-02,221.990005,223.199997,221.5,223.020004,223.020004,16146,94.317,94.33,94.645,94.18,32520,-0.03%
2021-11-01,221.5,221.779999,220.699997,221.600006,221.600006,16436,94.341,93.82,94.47,93.82,21380,0.52%
2021-10-29,222.770004,222.949997,221.429993,221.539993,221.539993,19529,93.853,94.1,94.215,93.8,22480,-0.24%
2021-10-28,222.009995,223.940002,222.009995,223.649994,223.649994,18910,94.079,93.935,94.135,93.81,22140,0.21%
2021-10-27,222.949997,223.009995,221.330002,221.570007,221.570007,21651,93.879,94.12,94.31,93.85,21640,-0.26%
2021-10-26,225.009995,225.169998,223.600006,223.910004,223.910004,24787,94.121,93.34,94.3,93.31,34700,0.85%
2021-10-25,223.839996,224.979996,223.440002,224.979996,224.979996,20795,93.326,93.885,93.97,93.265,35630,-0.50%
2021-10-22,222.529999,223.25,222.199997,222.660004,222.660004,13831,93.798,93.955,94.005,93.675,35850,-0.15%
2021-10-21,221.009995,222.399994,220.619995,221.699997,221.699997,37974,93.941,93.83,94.015,93.685,20280,0.14%
2021-10-20,220.699997,221.029999,220.139999,220.550003,220.550003,14429,93.809,93.66,93.96,93.465,25860,0.20%
2021-10-19,222.149994,222.240005,221.660004,222.020004,222.020004,23605,93.625,93.745,93.78,93.51,23480,-0.14%
2021-10-18,222.610001,222.899994,222,222.729996,222.729996,21039,93.758,93.595,93.785,93.475,20250,0.24%
2021-10-15,225.970001,226.190002,225.360001,225.679993,225.679993,15799,93.535,93.8,93.88,93.52,25850,-0.21%
2021-10-14,226.539993,226.729996,225.619995,226.190002,226.190002,31375,93.728,93.95,93.95,93.49,25680,-0.23%
2021-10-13,223.369995,225.100006,223.270004,223.699997,223.699997,56284,93.945,93.94,94.175,93.865,20660,0.01%
2021-10-12,222.470001,223.490005,222.369995,223.25,223.25,18511,93.938,94.035,94.07,93.85,18430,-0.02%
2021-10-11,224.089996,224.419998,223.509995,223.699997,223.699997,26181,93.961,94.01,94.09,93.76,17670,-0.13%
2021-10-08,225.289993,225.289993,223.460007,225.100006,225.100006,18472,94.08,94.525,94.55,94.005,22240,-0.46%
2021-10-07,225.949997,226.100006,225.080002,225.289993,225.289993,10127,94.519,94.395,94.57,94.235,17520,0.20%
2021-10-06,226.350006,226.350006,224.910004,225.220001,225.220001,24365,94.326,94.105,94.415,94.03,19690,0.26%
2021-10-05,226.039993,226.789993,225.589996,225.75,225.75,15469,94.079,94.195,94.345,93.925,32270,-0.15%
2021-10-04,226.089996,226.839996,225.669998,225.820007,225.820007,10239,94.221,94.24,94.29,94.085,14330,-0.05%
2021-10-01,226.070007,226.800003,225.720001,226.479996,226.479996,14699,94.272,93.98,94.455,93.98,28220,0.32%
2021-09-30,224.460007,224.520004,223.940002,223.940002,223.940002,11181,93.967,93.855,94.075,93.815,18790,0.20%
2021-09-29,223,224.149994,223,224.149994,224.149994,13884,93.78,94.09,94.11,93.68,24710,-0.28%
2021-09-28,224.100006,224.639999,222.940002,223.190002,223.190002,14093,94.047,94.32,94.405,94,22850,-0.20%
2021-09-27,224.339996,225.460007,224.339996,225.009995,225.009995,14366,94.24,94.345,94.52,94.12,33910,-0.12%
2021-09-24,225,225,222.679993,224.199997,224.199997,16967,94.353,93.73,94.44,93.685,31450,0.61%
2021-09-23,227.929993,227.940002,227.059998,227.080002,227.080002,12798,93.78,93.405,93.82,93.36,36700,0.43%
2021-09-22,228.800003,229.190002,227.5,228.869995,228.869995,14462,93.381,93.305,93.495,93.195,21080,0.05%
2021-09-21,227.990005,227.990005,225.699997,226.179993,226.179993,35734,93.335,93.09,93.415,93.045,17040,0.33%
2021-09-20,225.100006,225.639999,224.990005,225.600006,225.600006,25293,93.03,93.5,93.53,92.965,24800,-0.46%
2021-09-17,224.380005,225.199997,224.270004,225.199997,225.199997,16924,93.46,93.225,93.515,92.97,32530,0.28%
2021-09-16,228.050003,228.600006,227.509995,227.639999,227.639999,13802,93.2,93.23,93.28,93.04,18770,-0.06%
2021-09-15,229.800003,230.25,229.509995,229.639999,229.639999,45943,93.256,93.23,93.445,93.17,21370,0.09%
2021-09-14,227.080002,227.949997,226.5,227.949997,227.949997,10852,93.176,92.87,93.235,92.745,19160,0.28%
2021-09-13,226.309998,227.699997,226.059998,227.220001,227.220001,13133,92.919,92.45,92.945,92.435,30550,0.42%
2021-09-10,227.100006,227.889999,226.839996,227.889999,227.889999,18131,92.534,92.65,92.67,92.405,23930,-0.09%
2021-09-09,226.759995,227.050003,226.529999,226.839996,226.839996,23045,92.614,92.62,92.665,92.29,19460,-0.04%
2021-09-08,226.820007,227.199997,226.449997,226.880005,226.880005,28534,92.652,92.64,92.88,92.64,1860,0.07%
2021-09-07,228.669998,229.020004,227.75,228.5,228.5,9796,92.59,92.525,92.65,92.33,10520,0.12%
2021-09-06,229.050003,229.330002,228.850006,229.270004,229.270004,13459,92.48,92.71,92.765,92.38,29160,-0.18%
2021-09-03,228.100006,228.619995,227.770004,227.919998,227.919998,21106,92.65,92.545,92.86,92.475,27720,0.15%
2021-09-02,229.440002,230,229.210007,229.389999,229.389999,14725,92.514,92.18,92.575,92.105,32580,0.52%
2021-09-01,231.270004,231.649994,230.860001,231.240005,231.240005,37869,92.033,92.105,92.31,92.1,7090,0.00%
2021-08-31,231.580002,232.089996,231.169998,231.229996,231.229996,24100,92.033,92.24,92.265,91.8,32690,-0.21%
2021-08-30,231.979996,232.580002,231.440002,232.039993,232.039993,18524,92.228,92.51,92.545,92.2,17950,-0.24%
2021-08-27,231.149994,232.25,231.149994,232.25,232.25,17111,92.449,92.67,92.79,92.38,17410,-0.20%
2021-08-26,229.649994,230,229.330002,229.580002,229.580002,12676,92.635,92.705,92.76,92.395,25300,-0.02%
2021-08-25,231.729996,231.770004,230.720001,231.190002,231.190002,26128,92.652,92.68,92.79,92.595,14890,-0.05%
2021-08-24,233.559998,233.580002,232.479996,232.580002,232.580002,27852,92.694,93.075,93.195,92.63,31610,-0.41%
2021-08-23,232.429993,233.139999,231.759995,232.699997,232.699997,18458,93.078,92.825,93.095,92.825,20500,0.26%
2021-08-20,232.169998,233.949997,232,233.949997,233.949997,34591,92.832,92.92,93.14,92.82,18280,-0.07%
2021-08-19,230.550003,230.880005,229.880005,230.880005,230.880005,23731,92.901,93.015,93.09,92.815,13700,-0.08%
2021-08-18,229.720001,230.600006,229.5,230.300003,230.300003,23837,92.971,93.425,93.515,92.96,18390,-0.57%
2021-08-17,227.25,228.809998,227.199997,228.809998,228.809998,23947,93.508,93.6,93.75,93.455,15390,-0.09%
2021-08-16,225.300003,226.149994,225.300003,225.520004,225.520004,15296,93.588,93.215,93.605,93.215,20630,0.48%
2021-08-13,222.949997,223.580002,222.75,223.580002,223.580002,17157,93.144,93.155,93.275,92.945,21780,0.00%
2021-08-12,221.720001,222.110001,221.490005,221.779999,221.779999,20431,93.145,92.61,93.175,92.61,20510,0.57%
2021-08-11,219.300003,220.5,219.130005,220.410004,220.410004,24710,92.619,92.545,92.665,92.475,14710,0.12%
2021-08-10,220.5,221.320007,220.199997,220.869995,220.869995,43594,92.512,92.99,93.01,92.47,17080,-0.57%
2021-08-09,218.880005,221.490005,217.470001,221.320007,221.320007,47595,93.038,92.905,93.045,92.845,14190,0.13%
2021-08-06,227.229996,227.630005,227.070007,227.279999,227.279999,11363,92.918,93.07,93.205,92.8,18560,-0.15%
2021-08-05,228.800003,229.020004,228.059998,228.229996,228.229996,12319,93.055,92.975,93.145,92.945,13320,0.13%
2021-08-04,228.559998,228.820007,228.279999,228.679993,228.679993,12764,92.938,92.79,92.995,92.72,16360,0.15%
2021-08-03,229.559998,229.729996,227.990005,228.470001,228.470001,15820,92.8,92.285,92.845,92.265,26170,0.59%
2021-08-02,230.419998,230.639999,229.820007,229.960007,229.960007,21942,92.252,92.28,92.36,92.12,10960,-0.02%
2021-07-30,230.729996,231.279999,230.470001,230.990005,230.990005,18787,92.274,92.045,92.315,91.82,16070,0.20%
2021-07-29,228.990005,230.220001,228.899994,229.550003,229.550003,16679,92.088,92.06,92.16,91.895,10270,0.02%
2021-07-28,227.830002,229.139999,227.800003,229,229,17379,92.065,92.15,92.18,91.92,14280,-0.13%
2021-07-27,227.350006,227.580002,226.860001,227.320007,227.320007,12649,92.188,91.895,92.215,91.78,22390,0.35%
2021-07-26,228.139999,229.800003,228,229.740005,229.740005,18169,91.871,92.255,92.29,91.85,23570,-0.48%
2021-07-23,228.429993,228.630005,227.910004,228.600006,228.600006,15179,92.317,92.46,92.785,92.235,28210,-0.13%
2021-07-22,228.889999,229.080002,227.850006,227.899994,227.899994,20754,92.436,92.625,92.845,92.32,21090,-0.23%
2021-07-21,230.210007,231.690002,229.850006,231.690002,231.690002,17914,92.651,92.915,92.975,92.54,17460,-0.30%
2021-07-20,230.190002,231.779999,230.190002,231.580002,231.580002,22228,92.928,92.85,93.04,92.785,12470,0.11%
2021-07-19,229.649994,229.820007,228.880005,228.970001,228.970001,27211,92.83,92.81,92.93,92.505,23390,0.08%
2021-07-16,230.029999,230.300003,228.979996,229.309998,229.309998,22351,92.759,92.97,93.195,92.73,18580,-0.24%
2021-07-15,228.089996,228.699997,227.899994,228.679993,228.679993,17203,92.979,92.875,93.18,92.805,17810,0.09%
2021-07-14,226.449997,227.020004,226.25,226.889999,226.889999,13630,92.9,92.7,93.05,92.63,24200,0.23%
2021-07-13,225.369995,225.699997,225.110001,225.509995,225.509995,12002,92.687,92.585,92.76,92.53,15020,0.06%
2021-07-12,225.270004,225.759995,224.949997,225,225,13336,92.631,92.405,92.695,92.275,16280,0.24%
2021-07-09,226.399994,227.490005,226.110001,226.149994,226.149994,23314,92.405,92.795,92.835,92.345,19380,-0.38%
2021-07-08,224.990005,225.520004,224.559998,224.990005,224.990005,14875,92.759,92.205,92.81,92.135,22010,0.55%
2021-07-07,223.539993,224.600006,223.440002,224.009995,224.009995,17941,92.256,92.14,92.42,92.075,10540,0.15%
2021-07-06,221.759995,222.399994,221.559998,222.119995,222.119995,14678,92.116,92.38,92.545,92.085,14470,-0.31%
2021-07-05,222.360001,222.360001,221.539993,221.929993,221.929993,14333,92.406,92.705,92.79,92.24,23110,-0.26%
2021-07-02,221.949997,222.610001,221.820007,222.300003,222.300003,12438,92.645,92.54,92.84,92.415,23690,0.11%
2021-07-01,220.110001,221.809998,220.110001,221.809998,221.809998,21462,92.543,92.255,92.655,91.995,24700,0.14%
2021-06-30,218.889999,219.080002,218.039993,218.729996,218.729996,18884,92.413,92.25,92.355,92.135,11020,0.00%
2021-06-29,219.279999,219.550003,219.070007,219.5,219.5,18138,92.413,92.575,92.76,92.17,24560,-0.20%
2021-06-28,219.020004,219.509995,218.020004,219.429993,219.429993,23088,92.594,92.355,92.6,92.255,20840,0.18%
2021-06-25,218.589996,218.770004,218.130005,218.720001,218.720001,15976,92.431,92.07,92.44,92,17120,0.42%
2021-06-24,219.149994,219.399994,218.490005,218.949997,218.949997,16317,92.041,91.87,92.195,91.85,14080,0.18%
2021-06-23,219.759995,220.639999,219.570007,220.360001,220.360001,23902,91.876,91.82,92.01,91.685,14040,0.03%
2021-06-22,221.009995,222.309998,221.009995,221.160004,221.160004,13630,91.844,91.83,91.865,91.52,16640,0.05%
2021-06-21,220.210007,221.419998,220.070007,220.850006,220.850006,27682,91.795,91.805,91.915,91.645,11980,0.01%
2021-06-18,219.770004,221.5,219.479996,221.119995,221.119995,37779,91.785,91.735,91.895,91.505,18700,0.04%
2021-06-17,222.899994,223.380005,222.139999,222.139999,222.139999,23130,91.751,91.89,92.135,91.645,17330,-0.14%
2021-06-16,225.690002,225.809998,224.899994,225.460007,225.460007,13930,91.881,92.28,92.36,91.82,20050,-0.36%
2021-06-15,226.089996,226.089996,225.199997,225.889999,225.889999,30754,92.209,91.86,92.395,91.805,26120,0.37%
2021-06-11,228.619995,229.080002,228.449997,228.770004,228.770004,14190,91.873,91.375,91.995,91.285,48180,0.73%
2021-06-10,228.089996,228.119995,227.289993,227.330002,227.330002,13614,91.208,90.49,91.385,90.41,46860,0.78%
2021-06-09,228.520004,228.699997,228.080002,228.080002,228.080002,24077,90.502,90.47,90.64,90.31,13540,0.03%
2021-06-08,228.559998,229.199997,228.389999,228.699997,228.699997,31581,90.475,90.485,90.565,90.485,60,-0.08%
2021-06-07,227.880005,228.179993,227.360001,227.360001,227.360001,17629,90.55,90.06,90.61,89.96,9620,0.52%
2021-06-04,228.009995,228.179993,226.570007,227.940002,227.940002,114694,90.078,90.15,90.325,89.99,24150,-0.05%
2021-06-03,230,230.020004,229.440002,229.529999,229.529999,17624,90.121,90.135,90.17,89.83,25270,0.05%
2021-06-02,228.550003,228.970001,228.050003,228.830002,228.830002,22500,90.076,89.995,90.175,89.95,22330,0.14%
2021-06-01,230.080002,231,229.660004,231,231,21857,89.946,90.15,90.3,89.905,31860,-0.21%
2021-05-31,230.539993,230.979996,230.139999,230.529999,230.529999,16437,90.133,90.49,90.625,90.015,24470,-0.41%
2021-05-28,229.059998,229.059998,227.889999,228.520004,228.520004,16236,90.501,89.905,90.555,89.88,31500,0.67%
2021-05-27,228.789993,229.350006,228.490005,229.350006,229.350006,26469,89.901,89.91,90.235,89.855,16370,0.09%
2021-05-26,228.770004,229.300003,228.149994,228.309998,228.309998,22240,89.819,89.795,89.94,89.65,20190,-0.19%
2021-05-25,226.369995,226.369995,225.580002,226.020004,226.020004,24386,89.993,89.995,90.115,89.805,11700,0.00%
2021-05-24,227.600006,228.220001,227.300003,227.410004,227.410004,20475,89.993,89.995,90.43,89.97,33300,0.04%
2021-05-21,225.360001,226,225.039993,225.809998,225.809998,17519,89.959,90.075,90.18,89.895,19020,-0.08%
2021-05-20,225.580002,226.539993,225.289993,225.839996,225.839996,36988,90.03,89.695,90.105,89.58,18220,0.45%
2021-05-19,224.270004,224.479996,223.809998,224.449997,224.449997,12127,89.628,89.835,89.855,89.515,21140,-0.23%
2021-05-18,224.679993,224.75,223.639999,224.240005,224.240005,32972,89.838,90.015,90.105,89.75,15800,-0.19%
2021-05-17,221.619995,223.520004,221.619995,223.270004,223.270004,35758,90.005,89.79,90.155,89.63,24870,0.23%
2021-05-14,220.820007,220.919998,220.149994,220.559998,220.559998,29141,89.795,90.205,90.225,89.735,18130,-0.44%
2021-05-13,219.539993,220.330002,219.199997,220.330002,220.330002,34190,90.191,89.775,90.28,89.68,32530,0.51%
2021-05-12,218.779999,219.350006,218.350006,219.210007,219.210007,42375,89.734,90.185,90.19,89.675,21720,-0.45%
2021-05-11,218.759995,219.279999,218.479996,218.679993,218.679993,22435,90.142,90.345,90.415,90.125,17800,-0.19%
2021-05-10,217.929993,218.600006,217.580002,218.589996,218.589996,28623,90.318,90.735,90.795,90.27,20260,-0.46%
2021-05-07,217.539993,218.839996,217.470001,218.270004,218.270004,35321,90.735,90.735,90.91,90.575,27510,0.05%
2021-05-06,215.070007,216.720001,214.990005,216.339996,216.339996,20687,90.686,90.185,90.79,90.13,46710,0.62%
2021-05-05,215.220001,215.350006,214.800003,215.309998,215.309998,28956,90.124,90.23,90.335,89.955,35660,-0.07%
2021-05-04,215.699997,216.100006,215.270004,215.389999,215.389999,18110,90.185,90.215,90.325,90.015,27530,-0.03%
2021-05-03,213.940002,215,213.699997,215,215,14028,90.216,90.875,90.955,90.17,46400,-0.79%
2021-04-30,212.960007,212.960007,212.009995,212.550003,212.550003,13361,90.936,91.255,91.38,90.865,24520,-0.39%
2021-04-29,213.490005,214.410004,213.490005,213.809998,213.809998,22759,91.293,91.255,91.435,91.165,15390,0.02%
2021-04-28,213.509995,214,212.860001,213.490005,213.490005,28740,91.275,90.985,91.39,90.965,26330,0.38%
2021-04-27,213.309998,213.679993,212.830002,213.610001,213.610001,15498,90.927,91.27,91.385,90.845,23130,-0.38%
2021-04-26,214.259995,214.330002,213.809998,213.960007,213.960007,14980,91.27,90.6,91.32,90.58,29910,0.75%
2021-04-23,216.259995,216.490005,215.440002,215.580002,215.580002,16105,90.593,90.525,90.77,90.395,22120,0.00%
2021-04-22,216.059998,216.490005,215.839996,215.850006,215.850006,20044,90.593,90.865,91.105,90.525,22950,-0.33%
2021-04-21,214.789993,216.190002,214.759995,216.139999,216.139999,23509,90.892,90.85,91.045,90.785,12890,0.12%
2021-04-20,213.190002,213.190002,211.770004,212.190002,212.190002,18557,90.78,90.825,90.965,90.655,19610,-0.06%
2021-04-19,215.059998,215.850006,214.479996,214.600006,214.600006,46929,90.839,91.285,91.285,90.78,19430,-0.53%
2021-04-16,212.860001,213.190002,212.669998,212.929993,212.929993,30210,91.321,91.085,91.415,90.97,21690,0.21%
2021-04-15,210.039993,211.089996,209.669998,210.960007,210.960007,33093,91.129,91.21,91.425,91.065,21100,-0.11%
2021-04-14,213.410004,213.720001,212.089996,212.429993,212.429993,12949,91.227,91.04,91.27,90.84,25950,0.19%
2021-04-13,212.199997,213.25,212.100006,212.199997,212.199997,18271,91.05,91.575,91.75,91.025,32380,-0.54%
2021-04-12,213.490005,213.960007,213.289993,213.550003,213.550003,22682,91.544,91.65,91.81,91.47,18840,-0.08%
2021-04-09,214,214.929993,213.970001,214.929993,214.929993,22196,91.618,91.63,91.745,91.495,20610,-0.06%
2021-04-08,213.130005,213.399994,212.850006,213.339996,213.339996,15424,91.674,91.805,91.815,91.565,14650,-0.19%
2021-04-07,212.300003,212.520004,211.669998,212.259995,212.259995,13440,91.844,92.095,92.365,91.785,28950,-0.33%
2021-04-06,211.300003,212.389999,210.910004,212.279999,212.279999,30074,92.144,92.2,92.335,92.005,25920,-0.02%
2021-04-01,210.169998,212.039993,210.039993,212.039993,212.039993,14576,92.16,92.075,92.43,92.035,19960,0.10%
2021-03-31,207.179993,207.179993,206.199997,206.539993,206.539993,19261,92.069,92.445,92.505,92.01,19040,-0.44%
2021-03-30,209.520004,209.830002,208.139999,208.470001,208.470001,16556,92.472,92.3,92.515,92.155,18610,0.13%
2021-03-29,211.949997,212.339996,211.5,211.649994,211.649994,21698,92.348,92.58,92.8,92.285,20490,-0.27%
2021-03-26,212.800003,212.910004,211.570007,211.789993,211.789993,10072,92.595,93.01,93.13,92.56,27780,-0.49%
2021-03-25,213.5,213.690002,212.800003,213.550003,213.550003,13059,93.051,92.91,93.125,92.84,5780,0.11%
2021-03-24,211.529999,213.350006,211.529999,213.350006,213.350006,14177,92.947,93.23,93.365,92.89,22120,-0.31%
2021-03-23,210.210007,210.740005,209.75,210.600006,210.600006,22035,93.236,93.275,93.47,93.005,20930,-0.09%
2021-03-22,210.270004,210.919998,210.100006,210.919998,210.919998,11641,93.321,92.925,93.38,92.89,17120,0.39%
2021-03-19,208.960007,209.570007,208.800003,208.899994,208.899994,24788,92.956,92.73,92.98,92.72,19820,0.20%
2021-03-18,209.229996,209.490005,208.869995,208.960007,208.960007,19129,92.775,92.85,92.895,92.65,18990,-0.05%
2021-03-17,209,209.910004,208.770004,209.679993,209.679993,33239,92.826,92.595,92.94,92.52,27580,0.32%
2021-03-16,209,209.100006,208.600006,209,209,14282,92.53,92.43,92.63,92.35,19000,0.20%
2021-03-15,207.869995,208.619995,207.550003,208.270004,208.270004,15605,92.347,91.81,92.4,91.77,27710,0.66%
2021-03-12,206.740005,207.039993,206.210007,206.240005,206.240005,15664,91.741,92.105,92.175,91.695,28150,-0.20%
2021-03-11,208.5,209.25,208.5,208.949997,208.949997,18121,91.925,91.85,92.185,91.665,32380,0.06%
2021-03-10,207.669998,208.520004,207.509995,208.289993,208.289993,16236,91.87,91.38,91.93,91.29,37400,0.48%
2021-03-09,205.580002,206.429993,205.5,205.770004,205.770004,29987,91.435,91.875,92.015,91.365,31100,-0.48%
2021-03-08,207.059998,207.820007,206.699997,207.020004,207.020004,14487,91.88,91.82,92.045,91.67,24240,0.03%
2021-03-05,205.600006,205.75,204.559998,205.309998,205.309998,27382,91.852,91.64,91.855,91.64,1540,0.19%
2021-03-04,205.690002,206.139999,205,205.380005,205.380005,27264,91.678,91.43,91.97,91.405,8350,0.28%
2021-03-03,207.649994,208.059998,206.5,207.320007,207.320007,20741,91.418,91.855,91.895,91.37,40320,-0.45%
2021-03-02,207.169998,208.009995,205.899994,206.410004,206.410004,18427,91.828,92.035,92.25,91.77,48930,-0.15%
2021-03-01,210.020004,211.229996,209.229996,210.979996,210.979996,34100,91.964,92.445,92.53,91.92,41050,-0.40%
2021-02-26,210.220001,211.559998,209.800003,210.809998,210.809998,23808,92.334,91.94,92.44,91.865,41680,0.37%
2021-02-25,211.889999,211.889999,210.610001,210.610001,210.610001,15159,91.99,91.64,92.225,91.64,47690,0.38%
2021-02-24,213.559998,213.800003,212.850006,213.630005,213.630005,26610,91.644,91.025,91.695,90.985,36470,0.77%
2021-02-23,212.660004,214.5,212.660004,213.880005,213.880005,21940,90.942,90.8,91.075,90.635,28970,0.17%
2021-02-22,212,212,211.199997,211.639999,211.639999,44671,90.79,91.07,91.405,90.73,30960,-0.27%
2021-02-19,213.669998,213.679993,211.820007,212.630005,212.630005,42273,91.036,90.9,91.15,90.685,36780,0.17%
2021-02-18,214.479996,215.100006,214.050003,214.970001,214.970001,30467,90.882,90.335,90.98,90.135,49290,0.83%
2021-02-17,217.160004,217.369995,215.779999,216.350006,216.350006,31526,90.135,90.075,90.295,89.675,44240,-0.04%
2021-02-16,218.800003,219.020004,218.279999,218.970001,218.970001,27634,90.17,90.09,90.445,89.96,30510,0.00%
2021-02-15,219.839996,219.960007,219,219.160004,219.160004,24062,90.167,89.98,90.265,89.925,22810,0.19%
2021-02-12,220.520004,220.520004,220,220.279999,220.279999,22400,89.999,90.345,90.575,89.98,35650,-0.40%
2021-02-11,223.020004,223.5,221.850006,221.850006,221.850006,62002,90.363,90.54,90.66,90.165,27100,-0.26%
2021-02-10,222.470001,222.75,221.789993,222.610001,222.610001,16871,90.6,90.87,90.995,90.535,32790,-0.38%
2021-02-09,222.050003,222.919998,221.990005,222.770004,222.770004,15552,90.949,90.705,91.05,90.61,33420,0.49%
2021-02-08,221.270004,221.570007,220.350006,220.649994,220.649994,23708,90.503,90.31,90.63,90.095,30620,0.04%
2021-02-05,220.869995,221.300003,220.550003,221,221,27663,90.47,90.42,90.46,90.25,13830,0.00%
2021-02-04,224.960007,225,222.899994,223.080002,223.080002,26442,90.47,90.41,90.735,90.355,22470,0.06%
2021-02-03,225.759995,226.460007,225.630005,226.110001,226.110001,16358,90.413,90.45,90.48,90.25,18990,0.06%
2021-02-02,227.899994,228,226.279999,227.300003,227.300003,18524,90.363,90.455,90.515,90.235,24630,-0.07%
2021-02-01,226.919998,229.5,226.149994,227.570007,227.570007,28160,90.429,90.88,90.895,90.405,22450,-0.54%
2021-01-29,224.639999,225.5,224.240005,225.259995,225.259995,17354,90.919,91,91.225,90.88,29230,-0.12%
2021-01-28,224.759995,225.5,224.399994,225.270004,225.270004,71699,91.032,91.5,91.605,90.96,26220,-0.53%
2021-01-27,223.440002,223.889999,222.619995,223.25,223.25,16103,91.52,91.11,91.585,91.085,19390,0.41%
2021-01-25,225.100006,225.229996,223.919998,223.949997,223.949997,11949,91.148,91.035,91.305,90.98,21000,-0.04%
2021-01-22,225,225.350006,224.509995,225.020004,225.020004,21606,91.189,90.995,91.285,90.795,31190,0.24%
2021-01-21,225.639999,225.679993,224.830002,225.089996,225.089996,15280,90.975,90.545,91.05,90.49,26460,0.45%
2021-01-20,223.639999,224.259995,223.119995,224.050003,224.050003,18274,90.569,90.625,90.76,90.335,29380,0.16%
2021-01-19,223.960007,223.960007,222.660004,222.970001,222.970001,11902,90.427,90.755,90.855,90.375,33310,-0.23%
2021-01-18,221.979996,222.559998,219.039993,222.360001,222.360001,32857,90.64,90.165,90.88,90.13,47300,0.55%
2021-01-15,222.199997,223.300003,221.970001,223.25,223.25,13642,90.148,90.385,90.595,90.09,26460,-0.25%
2021-01-14,223.449997,223.449997,221.339996,222.130005,222.130005,36511,90.373,90.195,90.51,90.075,18840,0.18%
2021-01-13,223.380005,224.139999,223.240005,223.960007,223.960007,12294,90.212,90.075,90.3,90.05,22630,0.09%
2021-01-12,224.199997,225.229996,223.669998,225.229996,225.229996,58445,90.127,90.4,90.405,90.03,22290,-0.38%
2021-01-11,224.039993,224.039993,220.610001,222.830002,222.830002,59411,90.469,90.388,90.69,90.248,46540,-0.01%
2021-01-08,230.809998,231.009995,229.699997,229.990005,229.990005,25114,90.476,90.7,90.745,90.38,29110,-0.31%
2021-01-07,230.259995,230.639999,229.589996,229.970001,229.970001,19617,90.754,90.77,90.94,90.685,16270,0.00%
2021-01-06,235.369995,235.5,233.910004,234.029999,234.029999,38388,90.754,90.2,90.79,90.195,29420,0.60%
2021-01-05,236.729996,237.520004,235.419998,235.75,235.75,38171,90.215,90.29,90.57,90.04,23810,-0.13%
2021-01-04,231.800003,233.509995,231.520004,233.399994,233.399994,29779,90.334,89.98,90.435,89.89,26610,0.30%
2020-12-31,230.5,230.880005,230,230,230,14772,90.064,90.485,90.6,89.995,23640,-0.42%
2020-12-30,230.839996,230.889999,230.289993,230.309998,230.309998,10474,90.442,90.09,90.72,90.055,30540,0.42%
2020-12-29,231.25,231.830002,231,231.360001,231.360001,13180,90.068,89.84,90.23,89.625,38410,0.31%
2020-12-24,231.229996,231.619995,230.880005,231.350006,231.350006,13335,89.791,89.33,89.97,89.325,23330,0.32%
2020-12-23,232.75,232.75,230.809998,231.149994,231.149994,19284,89.502,89.39,89.795,89.165,40290,0.10%
2020-12-22,231.75,232.919998,231.600006,232.75,232.75,24690,89.409,89.845,89.845,89.39,19180,-0.49%
2020-12-21,237.990005,237.990005,231.899994,234.869995,234.869995,22802,89.845,89.87,89.925,89.39,28260,-0.05%
2020-12-18,231.179993,239.160004,230.779999,239.160004,239.160004,34300,89.894,89.52,89.965,89.475,13090,0.27%
2020-12-17,230.169998,230.5,229.570007,230.039993,230.039993,42872,89.649,89.868,89.9,89.515,65401,-0.30%
2020-12-16,229.589996,230.289993,229.289993,229.839996,229.839996,47439,89.918,90.16,90.165,89.785,17250,-0.40%
2020-12-15,227.020004,228.740005,226.449997,228.690002,228.690002,23155,90.275,90.26,90.32,89.895,18460,0.03%
2020-12-14,227.550003,228.229996,227.509995,227.679993,227.679993,24674,90.25,90.185,90.31,90.075,10830,-0.10%
2020-12-11,228.199997,228.600006,227.080002,227.630005,227.630005,42701,90.34,90.535,90.58,90.05,27550,-0.23%
2020-12-10,231.330002,231.449997,230.139999,230.270004,230.270004,32352,90.546,90.1,90.62,89.95,21870,0.66%
2020-12-09,236.089996,236.270004,233.419998,234.169998,234.169998,33128,89.949,90.045,90.95,89.925,39250,0.00%
2020-12-08,234.869995,235.869995,234.789993,235.550003,235.550003,25620,89.953,89.8,90.055,89.755,17930,0.24%
2020-12-07,231.080002,231.600006,230.779999,231.559998,231.559998,38813,89.741,90.165,90.18,89.64,29480,-0.68%
